name,know_by_name,know_by_bio,know_by_name_description,know_by_bio_link,know_by_bio_summary,know_by_bio_summary_anonymized,know_by_bio_reasoning
朱元璋,,,,https://zh.wikipedia.org/wiki/%E6%9C%B1%E5%85%83%E7%92%8B,,,
刘邦,,,,https://zh.wikipedia.org/zh-hans/%E5%88%98%E9%82%A6,,,
朱棣,,,,https://zh.wikipedia.org/wiki/%E6%98%8E%E6%88%90%E7%A5%96,,,
张宗昌,,,,https://zh.wikipedia.org/wiki/%E5%BC%B5%E5%AE%97%E6%98%8C,,,
段祺瑞,,,,https://zh.wikipedia.org/wiki/%E6%AE%B5%E7%A5%BA%E7%91%9E,,,
George Washington,,,,https://en.wikipedia.org/wiki/George_Washington,,,
Joseph Stalin,,,,https://en.wikipedia.org/wiki/Joseph_Stalin,,,
Otto Von Bismarck,,,,https://en.wikipedia.org/wiki/Otto_von_Bismarck,,,
Grover Cleveland,,,,https://en.wikipedia.org/wiki/Grover_Cleveland,,,
Henry Kissinger,,,,https://en.wikipedia.org/wiki/Henry_Kissinger,,,
王鏊,,,,https://zh.wikipedia.org/wiki/%E7%8E%8B%E9%8F%8A,,,
张永,,,,https://zh.wikipedia.org/wiki/%E5%BC%A0%E6%B0%B8_(%E6%98%8E%E6%9C%9D%E5%AE%A6%E5%AE%98),,,
谷大用,,,,https://zh.wikipedia.org/wiki/%E8%B0%B7%E5%A4%A7%E7%94%A8,,,
高凤,,,,https://zh.wikipedia.org/wiki/%E9%AB%98%E9%B3%B3,,,
杨一清,,,,https://zh.wikipedia.org/wiki/%E6%A5%8A%E4%B8%80%E6%B8%85,,,
何皇后,,,,https://zh.wikipedia.org/wiki/%E7%81%B5%E6%80%9D%E7%9A%87%E5%90%8E,,,
卢植,,,,https://zh.wikipedia.org/wiki/%E7%9B%A7%E6%A4%8D,,,
龙且,,,,https://wuu.wikipedia.org/wiki/%E9%BE%99%E4%B8%94,,,
项梁,,,,https://zh.wikipedia.org/wiki/%E9%A0%85%E6%A2%81,,,
张耳,,,,https://zh.wikipedia.org/wiki/%E5%BC%B5%E8%80%B3,,,
诸葛瞻,,,,https://zh.wikipedia.org/wiki/%E8%AF%B8%E8%91%9B%E7%9E%BB,,,
廖化,,,,https://zh.wikipedia.org/wiki/%E5%BB%96%E5%8C%96,,,
鲍信,,,,https://zh.wikipedia.org/wiki/%E9%AE%91%E4%BF%A1,,,
郑泰,,,,https://zh.wikipedia.org/wiki/%E9%84%AD%E6%B3%B0_(%E6%9D%B1%E6%BC%A2),,,
郑泰,,,,https://zh.wikipedia.org/wiki/%E9%84%AD%E6%B3%B0_(%E6%98%8E%E6%9C%9D),,,
丁原,,,,https://zh.wikipedia.org/wiki/%E4%B8%81%E5%8E%9F,,,
李肃,,,,https://zh.wikipedia.org/wiki/%E6%9D%8E%E8%82%83_(%E4%B8%9C%E6%B1%89),,,
陈宫,,,,https://zh.wikipedia.org/wiki/%E9%99%88%E5%AE%AB,,,
法正,,,,https://zh.wikipedia.org/wiki/%E6%B3%95%E6%AD%A3,,,
孟达,,,,https://zh.wikipedia.org/wiki/%E5%AD%9F%E9%81%94,,,
夏侯霸,,,,https://zh.wikipedia.org/wiki/%E5%A4%8F%E4%BE%AF%E9%9C%B8,,,
侯君集,,,,https://zh.wikipedia.org/wiki/%E4%BE%AF%E5%90%9B%E9%9B%86,,,
李大亮,,,,https://zh.wikipedia.org/wiki/%E6%9D%8E%E5%A4%A7%E4%BA%AE,,,
张行成,,,,https://zh.wikipedia.org/wiki/%E5%BC%B5%E8%A1%8C%E6%88%90_(%E5%94%90%E6%9C%9D),,,
商輅,,,,https://zh.wikipedia.org/wiki/%E5%95%86%E8%BC%85,,,
刘琨,,,,https://zh.wikipedia.org/wiki/%E5%88%98%E7%90%A8,,,
段末波,,,,https://zh.wikipedia.org/wiki/%E6%AE%B5%E6%9C%AB%E6%B3%A2,,,
司马荂,,,,https://zh.wikipedia.org/wiki/%E5%8F%B8%E9%A6%AC%E8%8D%82,,,
Leo von Caprivi,,,,https://en.wikipedia.org/wiki/Leo_von_Caprivi,,,
Botho zu Eulenburg,,,,https://en.wikipedia.org/wiki/Botho_zu_Eulenburg,,,
Chlodwig Prince of Hohenlohe-Schillingsfürst,,,,"https://en.wikipedia.org/wiki/Chlodwig,_Prince_of_Hohenlohe-Schillingsf%C3%BCrst",,,
James Mill,,,,https://en.wikipedia.org/wiki/James_Mill,,,
David Ricardo,,,,https://en.wikipedia.org/wiki/David_Ricardo,,,
Sir William Molesworth,,,,"https://en.wikipedia.org/wiki/Sir_William_Molesworth,_8th_Baronet",,,
George Grote,,,,https://en.wikipedia.org/wiki/George_Grote,,,
Edwin von Manteuffel,,,,https://en.wikipedia.org/wiki/Edwin_Freiherr_von_Manteuffel,,,
Otto von Manteuffel,,,,https://en.wikipedia.org/wiki/Otto_Theodor_von_Manteuffel,,,
Eduard Vogel von Falckenstein,,,,https://en.wikipedia.org/wiki/Eduard_Vogel_von_Falckenstein,,,
Friedrich Graf von Wrangel,,,,https://en.wikipedia.org/wiki/Friedrich_Graf_von_Wrangel,,,
Ferdinand von Wrangel,,,,https://en.wikipedia.org/wiki/Ferdinand_von_Wrangel,,,
Vasily Golovnin,,,,https://en.wikipedia.org/wiki/Vasily_Golovnin,,,
Karl Friedrich von Steinmetz,,,,https://en.wikipedia.org/wiki/Karl_Friedrich_von_Steinmetz,,,
Adolf von Bonin,,,,https://en.wikipedia.org/wiki/Adolf_von_Bonin,,,
Wilhelm von Ramming,,,,https://en.wikipedia.org/wiki/Wilhelm_von_Ramming,,,
Heinrich von Heß,,,,https://en.wikipedia.org/wiki/Heinrich_von_He%C3%9F,,,
Karl Philipp Prince of Schwarzenberg,,,,"https://en.wikipedia.org/wiki/Karl_Philipp,_Prince_of_Schwarzenberg",,,
Jean Victor Marie Moreau,,,,https://en.wikipedia.org/wiki/Jean_Victor_Marie_Moreau,,,
Albert Gallatin,,,,https://en.wikipedia.org/wiki/Albert_Gallatin,,,
Aaron Burr,,,,https://en.wikipedia.org/wiki/Aaron_Burr,,,
Jonathan Edwards,,,,https://en.wikipedia.org/wiki/Jonathan_Edwards_(theologian),,,
